Unnamed: 0,Calendar adjusted household spending ;  Total (Household Spending Categories) ;  Victoria ;  Current Price ;,Calendar adjusted household spending ;  Food ;  Victoria ;  Current Price ;,Calendar adjusted household spending ;  Alcoholic beverages and tobacco ;  Victoria ;  Current Price ;,Calendar adjusted household spending ;  Clothing and footwear ;  Victoria ;  Current Price ;,Calendar adjusted household spending ;  Furnishings and household equipment ;  Victoria ;  Current Price ;,Calendar adjusted household spending ;  Health ;  Victoria ;  Current Price ;,Calendar adjusted household spending ;  Transport ;  Victoria ;  Current Price ;,Calendar adjusted household spending ;  Recreation and culture ;  Victoria ;  Current Price ;,"Calendar adjusted household spending ;  Hotels, cafes and restaurants ;  Victoria ;  Current Price ;",Calendar adjusted household spending ;  Miscellaneous goods and services ;  Victoria ;  Current Price ;,Unnamed: 11,Calendar adjusted household spending ;  Total (Household Spending Categories) ;  New South Wales ;  Current Price ;,Calendar adjusted household spending ;  Food ;  New South Wales ;  Current Price ;,Calendar adjusted household spending ;  Alcoholic beverages and tobacco ;  New South Wales ;  Current Price ;,Calendar adjusted household spending ;  Clothing and footwear ;  New South Wales ;  Current Price ;,Calendar adjusted household spending ;  Furnishings and household equipment ;  New South Wales ;  Current Price ;,Calendar adjusted household spending ;  Health ;  New South Wales ;  Current Price ;,Calendar adjusted household spending ;  Transport ;  New South Wales ;  Current Price ;,Calendar adjusted household spending ;  Recreation and culture ;  New South Wales ;  Current Price ;,"Calendar adjusted household spending ;  Hotels, cafes and restaurants ;  New South Wales ;  Current Price ;",Calendar adjusted household spending ;  Miscellaneous goods and services ;  New South Wales ;  Current Price ;,Unnamed: 22,Calendar adjusted household spending ;  Total (Household Spending Categories) ;  Queensland ;  Current Price ;,Calendar adjusted household spending ;  Food ;  Queensland ;  Current Price ;,Calendar adjusted household spending ;  Alcoholic beverages and tobacco ;  Queensland ;  Current Price ;,Calendar adjusted household spending ;  Clothing and footwear ;  Queensland ;  Current Price ;,Calendar adjusted household spending ;  Furnishings and household equipment ;  Queensland ;  Current Price ;,Calendar adjusted household spending ;  Health ;  Queensland ;  Current Price ;,Calendar adjusted household spending ;  Transport ;  Queensland ;  Current Price ;,Calendar adjusted household spending ;  Recreation and culture ;  Queensland ;  Current Price ;,"Calendar adjusted household spending ;  Hotels, cafes and restaurants ;  Queensland ;  Current Price ;",Calendar adjusted household spending ;  Miscellaneous goods and services ;  Queensland ;  Current Price ;,Unnamed: 33,Calendar adjusted household spending ;  Total (Household Spending Categories) ;  South Australia ;  Current Price ;,Calendar adjusted household spending ;  Food ;  South Australia ;  Current Price ;,Calendar adjusted household spending ;  Alcoholic beverages and tobacco ;  South Australia ;  Current Price ;,Calendar adjusted household spending ;  Clothing and footwear ;  South Australia ;  Current Price ;,Calendar adjusted household spending ;  Furnishings and household equipment ;  South Australia ;  Current Price ;,Calendar adjusted household spending ;  Health ;  South Australia ;  Current Price ;,Calendar adjusted household spending ;  Transport ;  South Australia ;  Current Price ;,Calendar adjusted household spending ;  Recreation and culture ;  South Australia ;  Current Price ;,"Calendar adjusted household spending ;  Hotels, cafes and restaurants ;  South Australia ;  Current Price ;",Calendar adjusted household spending ;  Miscellaneous goods and services ;  South Australia ;  Current Price ;,Unnamed: 44,Calendar adjusted household spending ;  Total (Household Spending Categories) ;  Tasmania ;  Current Price ;,Calendar adjusted household spending ;  Food ;  Tasmania ;  Current Price ;,Calendar adjusted household spending ;  Alcoholic beverages and tobacco ;  Tasmania ;  Current Price ;,Calendar adjusted household spending ;  Clothing and footwear ;  Tasmania ;  Current Price ;,Calendar adjusted household spending ;  Furnishings and household equipment ;  Tasmania ;  Current Price ;,Calendar adjusted household spending ;  Health ;  Tasmania ;  Current Price ;,Calendar adjusted household spending ;  Transport ;  Tasmania ;  Current Price ;,Calendar adjusted household spending ;  Recreation and culture ;  Tasmania ;  Current Price ;,"Calendar adjusted household spending ;  Hotels, cafes and restaurants ;  Tasmania ;  Current Price ;",Calendar adjusted household spending ;  Miscellaneous goods and services ;  Tasmania ;  Current Price ;,Unnamed: 55,Calendar adjusted household spending ;  Total (Household Spending Categories) ;  Northern Territory ;  Current Price ;,Calendar adjusted household spending ;  Food ;  Northern Territory ;  Current Price ;,Calendar adjusted household spending ;  Alcoholic beverages and tobacco ;  Northern Territory ;  Current Price ;,Calendar adjusted household spending ;  Clothing and footwear ;  Northern Territory ;  Current Price ;,Calendar adjusted household spending ;  Furnishings and household equipment ;  Northern Territory ;  Current Price ;,Calendar adjusted household spending ;  Health ;  Northern Territory ;  Current Price ;,Calendar adjusted household spending ;  Transport ;  Northern Territory ;  Current Price ;,Calendar adjusted household spending ;  Recreation and culture ;  Northern Territory ;  Current Price ;,"Calendar adjusted household spending ;  Hotels, cafes and restaurants ;  Northern Territory ;  Current Price ;",Calendar adjusted household spending ;  Miscellaneous goods and services ;  Northern Territory ;  Current Price ;,Unnamed: 66,Calendar adjusted household spending ;  Total (Household Spending Categories) ;  Australian Capital Territory ;  Current Price ;,Calendar adjusted household spending ;  Food ;  Australian Capital Territory ;  Current Price ;,Calendar adjusted household spending ;  Alcoholic beverages and tobacco ;  Australian Capital Territory ;  Current Price ;,Calendar adjusted household spending ;  Clothing and footwear ;  Australian Capital Territory ;  Current Price ;,Calendar adjusted household spending ;  Furnishings and household equipment ;  Australian Capital Territory ;  Current Price ;,Calendar adjusted household spending ;  Health ;  Australian Capital Territory ;  Current Price ;,Calendar adjusted household spending ;  Transport ;  Australian Capital Territory ;  Current Price ;,Calendar adjusted household spending ;  Recreation and culture ;  Australian Capital Territory ;  Current Price ;,"Calendar adjusted household spending ;  Hotels, cafes and restaurants ;  Australian Capital Territory ;  Current Price ;",Calendar adjusted household spending ;  Miscellaneous goods and services ;  Australian Capital Territory ;  Current Price ;,Unnamed: 77,Calendar adjusted household spending ;  Total (Household Spending Categories) ;  Western Australia ;  Current Price ;,Calendar adjusted household spending ;  Food ;  Western Australia ;  Current Price ;,Calendar adjusted household spending ;  Alcoholic beverages and tobacco ;  Western Australia ;  Current Price ;,Calendar adjusted household spending ;  Clothing and footwear ;  Western Australia ;  Current Price ;,Calendar adjusted household spending ;  Furnishings and household equipment ;  Western Australia ;  Current Price ;,Calendar adjusted household spending ;  Health ;  Western Australia ;  Current Price ;,Calendar adjusted household spending ;  Transport ;  Western Australia ;  Current Price ;,Calendar adjusted household spending ;  Recreation and culture ;  Western Australia ;  Current Price ;,"Calendar adjusted household spending ;  Hotels, cafes and restaurants ;  Western Australia ;  Current Price ;",Calendar adjusted household spending ;  Miscellaneous goods and services ;  Western Australia ;  Current Price ;
Unit,$ Millions,$ Millions,$ Millions,$ Millions,$ Millions,$ Millions,$ Millions,$ Millions,$ Millions,$ Millions,,$ Millions,$ Millions,$ Millions,$ Millions,$ Millions,$ Millions,$ Millions,$ Millions,$ Millions,$ Millions,,$ Millions,$ Millions,$ Millions,$ Millions,$ Millions,$ Millions,$ Millions,$ Millions,$ Millions,$ Millions,,$ Millions,$ Millions,$ Millions,$ Millions,$ Millions,$ Millions,$ Millions,$ Millions,$ Millions,$ Millions,,$ Millions,$ Millions,$ Millions,$ Millions,$ Millions,$ Millions,$ Millions,$ Millions,$ Millions,$ Millions,,$ Millions,$ Millions,$ Millions,$ Millions,$ Millions,$ Millions,$ Millions,$ Millions,$ Millions,$ Millions,,$ Millions,$ Millions,$ Millions,$ Millions,$ Millions,$ Millions,$ Millions,$ Millions,$ Millions,$ Millions,,$ Millions,$ Millions,$ Millions,$ Millions,$ Millions,$ Millions,$ Millions,$ Millions,$ Millions,$ Millions
2019-01-01 00:00:00,13030.9,2116.9,877.5,801.5,967.4,1510.5,2374.9,2021.5,1172.4,1188.3,,16983.1,2610.1,1162.8,1020.1,1181.6,1518.8,3053.6,2658.8,2149.6,1627.8,,9841.7,1698,672,539.1,783.6,1160.5,1507,1503.4,1066.6,911.7,,3294.1,587.8,268.1,131.7,239.4,381.3,497.1,472.5,402.6,313.6,,1088.5,179,103.8,43.9,77.6,116.4,163.3,133.3,137.9,133.3,,530.6,80.3,32.4,14.8,36.1,38.2,78.7,69.9,103.7,76.6,,963,166.7,37.3,50.1,69.7,89.5,183.9,129.1,129.7,107,,5362.3,917.5,327.3,273.3,368.6,639.9,1002.7,749.7,604.1,479
2019-02-01 00:00:00,13762,2181.4,877.3,768.3,972.2,1739,2715.2,2030.7,1141.6,1336.3,,17510.6,2682.5,1156.8,921,1179.3,1809.9,3312.2,2628.8,2036.4,1783.6,,10158.6,1741.1,680.3,486.8,769.9,1334.4,1651.9,1504.1,1032.1,958,,3439.8,603.6,273.6,122.9,235.7,441.1,559.1,474.6,395.7,333.4,,1117.7,183.4,99.5,43,77.8,125.8,175.7,135.9,136.7,140,,541.2,84.4,32.9,13.6,35.2,43.1,84.6,66.7,97.2,83.4,,1013.5,173.8,37.7,45.9,67.9,101.5,207.7,130.5,126.3,122.2,,5600,958.3,336.5,259,362.7,741.2,1111.6,741.8,570.2,518.8
2019-03-01 00:00:00,14160.6,2220.7,910.2,836.7,971.8,1719.6,2774.1,2053.7,1374.5,1299.3,,17659.1,2707.9,1175.2,990.7,1159.4,1760.9,3371.5,2634.5,2108.2,1750.8,,10277.4,1761.3,699,512.1,762.4,1296.9,1729,1471.4,1102.4,943,,3495.8,612.1,285.8,128.5,234.3,428.5,568.1,477.8,431.1,329.6,,1131.8,184.9,99.6,45,76.4,125.2,180.3,135.4,143.2,141.6,,543.2,84.3,34.1,14.4,35.4,39.3,86,69.6,99.7,80.3,,1027.9,176.7,38.7,51,66.4,100.1,205.8,129.4,139.1,120.6,,5552.8,966,346.8,263.8,358.9,694.1,1107.1,727,589.8,499.4
2019-04-01 00:00:00,13322.2,2196.6,887.4,864.1,948.6,1587.3,2399.9,1977.5,1219.4,1241.5,,17070.6,2710.5,1193.2,1023.1,1129.6,1646.8,2963.5,2572.4,2134.8,1696.6,,9862.7,1743.5,701.7,529.4,744.9,1150.4,1527.8,1437.7,1106.1,921.2,,3349.3,608.6,281.6,132.2,230.9,396.2,503.1,464.7,409.5,322.5,,1091.5,185.6,99.4,46.4,75.8,113.4,163.7,130.4,140.2,136.7,,543.8,84.2,34.3,15.3,36,37.3,77.9,71.4,104.7,82.8,,975.2,174.2,38.4,53.1,65.4,89,176.6,124.4,137.1,117,,5382.4,961.9,341.2,282.2,347.4,653.1,993.2,711.1,599.2,493
2019-05-01 00:00:00,13707.1,2131.6,862.9,884.5,978.4,1760.6,2632,1986.8,1142,1328.4,,17593.6,2602.7,1165.2,1084.6,1174.2,1810.5,3309.3,2570.4,2031,1845.7,,10087,1705.7,684.9,546.3,760,1272.1,1627.4,1452.3,1067.1,971.2,,3439.2,587.4,277.3,142.4,240.6,443.9,537.1,472.6,396.8,341.1,,1129.4,181.3,94.8,47.2,78,131.7,184.2,131.6,138.6,142,,547.7,81.3,33.4,15.9,36.6,39.8,81.3,72,98.8,88.6,,996.7,168.4,37.4,53,66.2,98.9,188.3,126.9,131.3,126.3,,5491.8,938.4,332.4,293.5,356.3,724.8,1043.2,709.3,574.1,519.7
2019-06-01 00:00:00,14464.6,2077.4,874.8,954.3,1043.9,1724.2,2923.5,2159.2,1284.2,1423,,18321.9,2580,1158.1,1152.6,1252.2,1726.5,3487.3,2782.1,2264.3,1918.9,,10580.8,1713.1,703.1,590,833.9,1270.5,1791.1,1558.2,1120.8,1000.3,,3513.7,577.3,289.1,141.7,255.9,420.5,560.4,502.3,420.8,345.8,,1158.5,180.2,93.3,48.6,82,131.6,192.7,138.1,148.5,143.6,,572.1,83,36.3,17.3,40.6,32.1,83.5,79.7,101.5,98.2,,1040.7,166,36.9,56,71,96.2,209.3,136.8,138.3,130.2,,5607.4,918.9,337,300.2,369.1,713.4,1074.8,751.9,612.4,529.7
2019-07-01 00:00:00,13719.7,2130.9,852.5,817.7,958.8,1713.7,2545.7,2090.6,1275.8,1334,,17531.9,2621.7,1146,985.9,1164.8,1745.9,3097.4,2756,2214.7,1799.5,,10438.5,1776.7,692,556.8,795.1,1277.1,1615,1570.7,1149.8,1005.3,,3476.6,582.4,283,131.4,239.2,417.8,533.8,505.9,443.9,339.3,,1146.5,182.3,93.6,45.9,76.6,122.1,186.4,141.5,152.8,145.3,,570.8,84.1,34.4,17.9,38.3,35.1,83.3,82.3,107.6,87.9,,999.3,166.5,36.2,47.6,65.3,97,194.1,132.1,140.8,119.8,,5571.4,937,328.4,281.3,354.6,700.7,1047.2,764.8,631.1,526.4
2019-08-01 00:00:00,14012,2235.6,885.6,843.8,996.4,1720,2583.4,2129,1283.2,1334.8,,18087.5,2732.1,1209.6,1037,1206.6,1799.7,3211.1,2757.8,2277.3,1856.3,,10691.2,1847.7,724.4,576.1,822.6,1302.7,1654.2,1570.1,1179.6,1013.9,,3536.1,603.8,294.6,131,244.7,430.3,528.2,508.3,439.7,355.6,,1156.9,187.2,95.1,44.7,79,125.1,189.8,139.6,150.6,145.7,,576.7,85.1,35,18.1,40.9,36.7,84.9,82.9,107.5,85.7,,1021.3,176.9,37.7,49.1,68.8,101.6,188.5,135.1,141.6,121.8,,5746.5,989.2,343.3,289.9,371.4,731.9,1051.3,782.1,639.7,547.7
2019-09-01 00:00:00,13923.1,2159.7,898.3,845.2,1006.1,1687.8,2523.9,2164.6,1315.1,1322.5,,17966.9,2643.8,1197.5,1054.5,1201.3,1794.2,3233.2,2783,2270.2,1789.1,,10591.1,1727.2,708,581,809.6,1284.6,1685.3,1601.1,1207,987.4,,3530.1,595.2,297.7,130.6,249.1,431.9,535,501.4,445,344.2,,1141.2,183.6,96.3,43.2,76.9,129.6,186,137.6,149.7,138.3,,578.7,88.2,37.4,16.9,39.1,40.7,82.6,83.2,109.5,81.3,,1019.3,171.7,38.1,49.4,70.6,95.3,194.3,134.8,144.4,120.7,,5590.5,945.7,348.3,278.6,364.3,695.3,1055,761.2,636.5,505.6
2019-10-01 00:00:00,14205.2,2227,899.1,866.9,1078.9,1781.5,2526.5,2164.2,1280.2,1380.9,,18159.4,2698.6,1230.8,1096.6,1256.3,1768.1,3182.7,2760.1,2352.5,1813.7,,10526.8,1773.3,714.1,582.5,832.8,1253.4,1592,1602.4,1182.4,993.9,,3558.1,606.1,289.4,138.1,259.9,421.4,527.7,515.5,456.4,343.6,,1166.9,186.5,100.4,46.9,83.8,124.5,184,142.8,156.9,141.1,,579.3,87.7,37.2,17.4,39.9,40.6,81.4,81.5,111.7,82,,1031.4,176.1,39.3,53,76.7,97.8,180.1,137.3,147.7,123.3,,5728.9,970.4,347.6,296.8,390.6,723.8,1033.1,778.4,651.8,536.5
2019-11-01 00:00:00,14961.2,2262.2,910.2,1018.3,1160.9,1795.6,2618.5,2451.2,1320.3,1424,,18919.8,2742.4,1264.9,1270,1356.4,1805.6,3263.7,3052,2281.9,1882.9,,11114.5,1798.9,732.7,665.4,908,1335.5,1664.2,1771.9,1197.7,1040.2,,3697.3,616.1,293.5,157.1,284.5,439,534.6,566.5,445.9,360.1,,1198.2,191,102.8,52.1,87.1,131,191.3,153.3,149.2,140.4,,587.7,87.5,38.4,19.1,42.9,42.6,82.1,91,107.9,76.1,,1089.9,177.9,41.2,61.2,82.3,110.8,195.9,149.2,144.1,127.4,,5944.8,993.4,361.6,333.6,419.2,734.3,1070.6,853.3,622.5,556.1
2019-12-01 00:00:00,15544.1,2378.6,1058.9,1361.2,1277.6,1703.2,2334.3,2647.4,1320.8,1462.1,,19684.4,2888.5,1492,1656.1,1456,1665.5,2933,3280.5,2358.1,1954.8,,11626,1870.2,849.8,897.8,984.8,1203.9,1545.4,1979.5,1248.6,1045.8,,3863.9,659.6,332.8,205.2,305.5,399.4,502,616.6,464.6,378.2,,1241.5,200.7,115.3,70.6,94.7,119.7,167.5,176.9,153.1,143.1,,601.6,88.8,39.8,25,47.5,37.1,74.3,100.3,121.6,67.3,,1122.1,181.1,48.7,79.1,88.4,90,182.6,171,149,132.2,,6190.1,1036.5,409.6,446.9,460.7,638.8,966.2,980,657,594.5
2020-01-01 00:00:00,13094.5,2174.4,833.7,790,980.6,1539.7,2282.2,2098.6,1177.6,1217.5,,16955.9,2610.3,1145.6,1018.5,1148.9,1513.5,3087.3,2697.9,2122.6,1611.1,,10075.2,1776.1,633.6,555.7,790.6,1196.1,1501.3,1625.1,1103.5,893.3,,3361.1,585.5,257.5,128.2,243.8,393.5,499.7,508.9,421,323.1,,1125.6,184.7,105.9,44.3,74.5,121.2,180.1,137.5,142.1,135.5,,516.6,79.6,34.2,15.1,36.4,36.6,72,78.4,100.2,63.9,,953.4,164.4,38.2,47.4,71.6,88.5,171.7,129.5,132.1,110.1,,5411.7,946.8,316,262.1,362.7,682.4,986,760.2,606.5,488.9
2020-02-01 00:00:00,13741.8,2183.7,901.7,758.5,983.9,1772.9,2503.3,2120.3,1169,1348.4,,17430.8,2657.9,1192.4,916.1,1145.3,1807.3,3136.4,2727.2,2133,1715.2,,10263.8,1797.8,671.2,478.3,762.8,1389.1,1563.1,1593,1082.8,925.6,,3449,582.8,276.2,117.3,238.6,444,518.9,512.7,414.8,343.6,,1144.4,183.3,106.9,42.7,75.8,133.1,185,139.6,140,138.1,,529.8,84.3,36.4,13.8,37.5,40.8,74.5,79.1,95.4,67.9,,1041.8,170.2,41.5,45.5,70.1,107.4,224.2,134.5,131.3,117,,5482.8,956.7,333.7,240.7,351.4,747.5,994.8,747.6,590.9,519.5
2020-03-01 00:00:00,13100.5,2696.3,986.4,641.6,1050.2,1801.7,1770.9,2018.3,959.4,1175.6,,16435.9,3264.6,1344.6,804.3,1202.8,1807.1,2287.8,2612,1597.8,1514.9,,9932.7,2103.8,759.1,411.6,806.2,1341.1,1269.7,1533.9,849.3,858,,3398.5,722.5,315,103.3,256.3,437.6,413.3,496.6,347.7,306.1,,1088.3,216.7,116.5,36.2,80.3,130.1,140.6,137.5,111.6,118.8,,500.4,101.4,39.7,11.4,39.3,35.6,60.2,77.3,80,55.7,,1021.4,208.8,46.8,40.2,75.7,102.2,203.9,126.9,108.5,108.6,,5273,1158.9,384.3,203.7,391.5,718,748.4,745.3,448.8,474.1
2020-04-01 00:00:00,9617.6,2247.5,864.3,368.2,982.6,1056.9,981.3,1846.3,504.9,765.6,,12668.1,2752,1205,498,1205.8,1034.5,1336.6,2559.4,1041.1,1035.8,,7847.5,1828.8,704,264.5,830.9,789.3,761.2,1522.9,564.9,580.9,,2661.4,618.6,278,74.4,262.3,261.3,253.9,483.9,223.4,205.6,,820.5,189.6,108.5,22.2,75.6,77.5,72,124.3,72.3,78.5,,419.7,91.9,38.8,8.8,41.7,17.7,36.7,82.5,56.3,45.4,,731,174.9,40,24.7,75.4,59.4,104.3,113.2,65.2,73.9,,3900.5,955.2,338.4,134.1,386.1,391.6,430.4,671.2,279.3,314.3
2020-05-01 00:00:00,11451.3,2271.9,909.4,706.3,1190.6,1388.9,1314.8,2140.8,621,907.7,,15094.8,2760.1,1257.5,1007.1,1447.1,1384.1,1737.2,3002.6,1277.8,1221.3,,9622.2,1850.5,723.4,558.5,1044.9,1110.8,1056.7,1864.3,701.1,711.9,,3119.6,617,284,131.3,311.4,359.3,338.4,560.4,276.6,241.1,,955.7,189.9,108.6,38.3,95,100.4,94.9,147.2,89.6,91.9,,502.5,93.1,41.4,15.2,50.4,26.5,49,102.1,74,50.8,,848.8,172.4,42,45.2,84.1,80.6,125.6,131,82.6,85.4,,4808.9,987.2,356.4,262.8,469.5,569.7,605.8,805,363.2,389.4
2020-06-01 00:00:00,12980.7,2369.2,949.2,871.3,1262.4,1604.6,1765.8,2290.5,801.7,1066.1,,17054.6,2797.5,1303.8,1174.8,1522.6,1699.5,2200.8,3158.5,1690.1,1507,,10658.2,1898,746.5,600.6,1085.8,1308.9,1366.6,1919.6,913.5,818.7,,3456.7,620.1,296.1,147.4,314.4,413.8,426.7,593,355.3,289.9,,1078.6,192.6,109.2,49.9,99.1,126.8,118.2,156.6,111.5,114.7,,551.8,93.7,43.2,16.7,50.1,32.1,58.3,96.6,94.7,66.6,,973.9,180.5,43.6,54.7,90,96.9,147.7,147.5,107.5,105.6,,5386.2,1006.6,369,287.3,479.7,701.1,730.5,846.5,508.5,456.9
2020-07-01 00:00:00,12318.6,2515.3,960.6,635.4,1197.9,1677.4,1374.1,2272.8,679.9,1005.1,,17609.2,2928.2,1354.8,1163.8,1465.9,1852,2140.7,3295.8,1871.3,1536.7,,11278.9,2002.8,782.5,658,1068,1421,1274.2,2059.2,1102.5,910.7,,3664.6,655.5,316.5,160.1,312,443.2,409.2,636.4,424,307.6,,1156.2,204.8,114.7,54.1,96.9,127.9,126.3,168.5,139.1,123.9,,597.2,98.1,45,18.9,51.3,36,62.6,107.1,109.1,69.1,,1006.5,185.5,45.1,53.5,85.8,107.9,147,150.8,123.6,107.2,,5822,1063,389.2,320.1,479.4,778,746.4,920.6,614.1,511.1
2020-08-01 00:00:00,10359.2,2410,1024.6,430.2,930.9,1321.8,866.4,1982.6,552.9,839.8,,17203.1,2906.9,1341.9,1049.4,1471.6,1910.8,2029.4,3152.1,1804.5,1536.6,,10921.1,1985,767.8,579.6,1032.1,1431.7,1229.3,1895.3,1080.7,919.6,,3585.7,641.9,303.5,145.5,296.9,455.2,412.1,591.4,412.5,326.7,,1119.4,201,111.4,47.8,91,133.3,120.3,152.2,135.8,126.5,,574.9,95.7,42.8,17.9,48.6,42.1,58.1,97.2,104.5,68,,977.7,185.5,44.5,51,84.1,107.5,135,144.9,118.1,107,,5684.5,1047.7,380,292.3,461.7,770.9,737.6,867.3,595.4,531.6
2020-09-01 00:00:00,10585.7,2405.4,1047.1,426,917.4,1420.9,935.6,1932.5,640.4,860.3,,17528.2,2865.5,1360.7,1136.2,1520.9,1913.1,2127,3233.3,1814.5,1556.8,,11001.6,1940.5,762.9,617.2,1035.3,1415.4,1280.1,1933,1115.6,901.7,,3632.3,631,306.6,153.5,299.5,451.2,436.1,596.9,427.1,330.5,,1133.1,199.1,114,48,92.1,139,125.4,155.7,137.2,122.7,,583,93.4,42.6,18,48.4,48.8,60.3,95.3,108.7,67.5,,1004.6,172.6,47.3,53.3,91.8,104.7,144.9,150.7,125.2,113.8,,5726.4,1033.7,385.4,302.8,471.7,772.4,745.3,884.1,606.6,524.4
2020-10-01 00:00:00,11417.4,2431.8,1068.6,521.4,997.7,1650.4,1180.7,1969.2,645.1,952.4,,17639.5,2863.5,1388.4,1177.2,1519.7,1842.2,2140.2,3248.6,1868.9,1590.8,,10874.2,1945.1,782.2,605.6,1017.7,1375.2,1265.2,1893.3,1089.4,900.6,,3591,622.3,313.9,153.6,299.3,427.5,428.8,604.7,414.7,326.3,,1119.2,196.8,115.5,47.7,91,128.1,128.1,151.8,135.2,125.1,,570.8,92.6,42.6,18.6,47.4,40.8,61.4,95.3,102.8,69.2,,1013.7,181.1,46.9,57.2,92.5,105.3,143.5,148.9,126.7,111.7,,5713.5,1032,391.7,313.6,482.2,749.7,749.8,875.1,591.9,527.6
2020-11-01 00:00:00,14505.3,2448.7,1037.2,1217.1,1484.9,1833.9,1743.9,2617.1,879.4,1243.2,,18860.3,2865.3,1390,1485.1,1701.7,2023.7,2323,3534.7,1844,1692.8,,11649.8,1955.4,783.1,752,1143.2,1465.1,1359,2110.9,1112.7,968.4,,3684.4,650.3,321.5,183.4,327.6,432.1,420.8,659.1,357,332.7,,1206.2,201.4,114.1,60.9,102.6,143.9,148.1,167.6,134.6,133,,582.6,90.8,40.4,20.2,49.7,42.5,67.6,98.6,102.2,70.5,,1109,183.1,48.8,71.9,102.9,117.6,155.5,174.2,131.9,123.1,,5946.9,1029.4,387.1,371.1,528.8,777.6,761.4,975.4,561.9,554.2
2020-12-01 00:00:00,15017.5,2570.8,1171,1362.3,1412.9,1753.4,1760.3,2617.9,999.2,1369.7,,19444.8,3054.4,1623.4,1731.6,1731.9,1795.8,2216.9,3491.4,1958.9,1840.4,,12061,2075.7,907.8,948.6,1187.5,1275.9,1274.1,2169.2,1200.2,1022,,3976.9,683.1,363.7,233.9,351.8,406,437.3,690.1,440.9,370.1,,1250.4,215.5,126.6,73,103.6,129,140.3,179.8,143.3,139.3,,613,95.1,44.2,26.7,55.3,40,64.1,100.9,115.9,70.8,,1150.9,191.8,58.4,87.8,108.7,98.2,151.6,180.9,142.4,131,,6354.3,1122,452,482.1,562.6,686.5,746.6,1069,623.5,610.1
2021-01-01 00:00:00,12392.8,2289.8,941.7,827.9,1077.7,1579.3,1587.2,2051.5,948.4,1089.2,,16154.9,2716.3,1267.2,1080,1357.2,1588.8,2038.1,2854.4,1795.3,1457.6,,10148,1877.4,700.4,551.6,931.6,1294.7,1178.8,1752.8,1013.7,847,,3385.4,593,288.4,146.7,274,392.2,422.9,550.9,410,307.2,,1089.9,191.2,107.7,46.5,81.3,119.9,143.9,139.8,132.7,126.9,,530.1,84.8,37,16,41.2,37.5,61.3,83.5,100.8,68,,958.5,171.9,44.5,55.5,86.2,86.4,136.7,142.2,126.9,108.3,,5468,1024.8,380.5,275,437.7,711.9,752.8,819,573.2,493.1
2021-02-01 00:00:00,12450.2,2293.1,933.5,716.9,1037.5,1777,1661.6,2013.9,856.7,1160.1,,17191.5,2698.6,1267.6,1053.1,1375.2,1982.5,2378,2914.3,1833.9,1688.2,,10684.9,1861.7,708.9,534.5,930.2,1501.5,1364.3,1765.4,1062.3,956.2,,3538.2,595.6,290.7,140.8,275.6,447.3,457.3,571.1,411.3,348.5,,1128.5,191,106.8,45,83.6,138,145.9,144.2,132.7,141.3,,551.2,85.8,37,15,41.7,47.4,64.7,86.2,95.4,78.2,,1015.1,178,43.3,50.3,82.4,111.1,157,143.7,129.8,119.5,,5266.6,976.5,361,239.1,417.5,739.8,750,781.9,491.8,508.9
2021-03-01 00:00:00,13381.3,2333.4,938.1,865.1,1100.3,1868.1,1882.2,2115,1044.6,1234.4,,17449.8,2760.7,1285.1,1094.2,1362.3,2004.7,2498.1,2900.4,1845.7,1698.5,,10780.9,1918.5,728.6,521.6,915.4,1490,1435.6,1731,1085.7,954.6,,3648.7,619.7,301.7,149.5,279.5,438.9,503.3,574.8,435.2,346,,1173.6,196.7,106.9,47.9,84.6,142.4,161.8,145.8,137.3,150.2,,571.1,87.3,37.7,15.7,40.6,52.2,69,86.2,102.3,80.2,,1045.9,176.3,45.1,54.1,80.3,113,168.3,142.8,138.4,127.6,,5665.1,1019.2,373.2,275.9,436.6,792.4,844.3,822.8,568.9,531.8
2021-04-01 00:00:00,13035.9,2309.1,907.9,939.1,1083.6,1721.8,1760.3,2103.3,981.6,1229.1,,17648.2,2766.7,1298.7,1204,1368.1,1835.5,2484.5,2953.4,2007.5,1729.7,,10591.6,1880.1,719.1,566.9,912,1299.2,1378.8,1749.1,1130.3,956.1,,3603,601.8,294.6,165.7,277.6,409.3,472.9,574.3,447.4,359.4,,1144.4,190.9,105.5,50.7,83.7,128.1,157.2,143.5,141.7,143,,578.1,89.8,39.4,16.6,42.9,38.7,70.3,88,110.5,81.8,,1043.6,176.9,47,59,81.7,102.9,160,144.9,143.2,128,,5513.5,1004.9,365.5,277.3,430.6,695.9,842.3,810.4,564.9,521.7
2021-05-01 00:00:00,13139.4,2335.8,898.3,883.4,1073.9,1822.6,1844.2,2083.4,939.3,1258.5,,18178.1,2794.7,1292.7,1253.2,1439.8,1985,2623.8,2911.1,2043.1,1834.8,,11001.6,1902,720.4,600.3,942.6,1399.3,1491,1732.1,1193.4,1020.4,,3701.1,603.6,289.3,165.5,288.1,457.8,510.5,574.2,437.3,374.8,,1179.6,191.2,102.8,51.8,88.8,141.9,169.4,143.6,142.7,147.5,,591.7,89.9,38.6,18.1,44.2,42.8,75.8,87.3,105.4,89.7,,1067.9,176,46.4,56.2,82.4,108.2,172.8,145.4,146.2,134.2,,5807.5,998.6,358.8,317.5,458.3,802.1,891.9,839.5,580,560.9
2021-06-01 00:00:00,13071.7,2308.6,891,810.2,1146.8,1739.1,1807.4,2260.3,891.5,1216.8,,17877.8,2841.5,1282,1158.4,1496.3,1899.4,2505.6,3027.4,1878.9,1788.4,,11356.4,1917.6,722.9,622.7,1027.4,1467.2,1552.4,1864.3,1148.3,1033.4,,3751.8,608.1,290.8,169.5,309.6,440,492.7,603.4,446.5,391.2,,1158.6,190.1,100.4,49.9,91.3,136.1,155.1,146.6,143.5,145.6,,590.4,94.1,39.2,17.9,44.4,35.6,71.8,90.1,103.5,93.8,,1084.6,177.6,44.8,54.8,86.9,113.4,168.3,155.8,142.6,140.2,,5805.2,1000.1,354.8,319.1,472.7,751.4,871.2,871.6,601,563.3
2021-07-01 00:00:00,12506.8,2366,878.4,728,1001.2,1713.1,1672.4,2148.4,890.7,1108.4,,15077.8,2923.8,1237.9,671.2,1237,1710.2,1782.2,2887.4,1280.2,1347.8,,11065.9,1980.7,733.6,566,985.3,1417.1,1379.3,1844.6,1135.7,1023.7,,3437.1,615.6,288.5,140.2,274.3,393.3,412.8,582.7,394,335.9,,1184.5,197.1,102.5,51.9,93.3,136.5,148.4,153.4,154.6,146.7,,595.2,94.7,40.4,18.9,45.5,43.6,66.6,98.6,108.3,78.6,,1016.1,181.6,43.3,47.4,84.5,106.6,145.8,152.1,133.7,121.1,,5820,1019.5,354.3,311.4,463,768.4,844.9,882.2,605.6,570.8
2021-08-01 00:00:00,11739.4,2461.1,908.8,539.5,949.4,1713.1,1404.1,2084.1,712.3,966.9,,14856.2,3034.4,1286.1,657.7,1213,1673.2,1534,2952.8,1237.3,1267.8,,10908.3,1979.5,738,540.3,999.1,1414.7,1375.3,1818,1065.6,977.7,,3744.2,621.4,294.1,153.9,318.3,462.4,486.6,601.5,447.4,358.6,,1165.3,198.5,102.8,47.7,93,136.4,144.5,147.4,150.9,144.2,,590.2,94.9,39.8,18.1,45.2,47.2,65.6,97.3,107.5,74.6,,821.7,190.6,43,30.4,60,93.1,102.5,118.4,88.5,95.1,,6046,1042.3,360,316.2,475.1,806.4,903.5,899.6,642.4,600.3
2021-09-01 00:00:00,11938.5,2474.4,959.6,524.8,994.7,1673.7,1401.4,2249.9,705.5,954.6,,15915.5,3026.9,1354.8,703.8,1395.8,1709.7,1831.4,3178.5,1370.6,1343.9,,11719.4,1994.3,780.2,653.1,1059,1472.9,1476,1941.8,1313.7,1028.3,,3884.7,632.3,311.1,167.6,329.8,456.2,507.6,623.7,474.9,381.3,,1198.4,200.2,106.2,49.9,97.5,140.5,152.1,151.9,157.4,142.8,,626.6,92.3,40.5,19.5,47.9,48.9,73.9,98.7,120.7,84.1,,777.9,188.4,43.9,25.4,58.5,88.3,91.8,116.6,78.3,86.7,,6181.4,1053.8,375,341.7,494.7,785,906.2,948.5,679.6,596.8
2021-10-01 00:00:00,13098.1,2506.5,1005.2,641,1089.8,1731,1641.8,2508.9,865.2,1108.8,,18416.3,3060.7,1439.1,1186.6,1685.9,1855.8,2215.6,3430.9,1811.7,1730,,11834.3,2028.1,763.5,670.6,1083.5,1436.8,1444.4,2043.8,1308.2,1055.3,,3922.8,633.4,319.7,173.5,341.3,442.5,491.1,653.4,496.9,370.9,,1221.5,204.7,110.4,50.8,101.1,132.2,152.5,160.8,162.4,146.6,,635.6,93.1,41.7,19.4,47.5,50.9,73.5,102.4,122.7,84.4,,943,191.2,47.6,36.5,81.7,98.1,129,141.8,106.8,110.3,,6307.7,1069.5,380.5,358.6,522.1,800.6,901.4,977.8,677.9,619.5
2021-11-01 00:00:00,16301.8,2510.9,1019.2,1433.3,1530.3,1903.9,2031.9,3277.1,1160.7,1434.5,,20725.7,3052.6,1449.5,1679.8,1907.5,2169.3,2488.7,3780.6,2145.2,2052.4,,12707.5,2044,753.7,840.7,1227.5,1556.8,1491.3,2298.1,1333.2,1162.1,,4201.2,645.1,323.7,219.8,389,483,503.5,734.3,491.3,411.5,,1312.5,209.3,112.3,67,114.3,148.2,164.9,173.8,166.3,156.6,,630.4,93.1,40.8,21.1,51.2,43.7,70.9,110.8,116.8,82.1,,1181.4,189,49.8,64.8,114.3,114.7,171.4,189.5,147,140.9,,6717.4,1082.4,389.8,450.4,588.3,827.8,920.8,1126.9,670.8,660.2
2021-12-01 00:00:00,16662.9,2733.6,1147.8,1533.1,1477.2,1837.8,1984.5,3185.2,1276.6,1486.9,,21059.6,3342.1,1696.6,1822.4,1857.1,1910.6,2418.3,3588.1,2323.8,2100.5,,13084.2,2223.9,843.8,1032.8,1260.5,1361.8,1427.4,2329.5,1429.9,1174.6,,4277.2,723.1,364.4,249.5,399.9,407.7,481,734.7,499.1,417.8,,1358.5,232.4,129.9,78.5,115.7,133.4,159.4,182.6,172.6,153.9,,665.2,99,44.2,27.4,56.9,40.7,72.1,114,131.7,79.4,,1206.2,203.5,61.1,69.9,109.3,99.8,163.5,183.6,165.4,150,,7038.6,1195.2,438.8,547.7,618.2,718,903,1214,711.4,692.2
2022-01-01 00:00:00,13824.6,2441.8,954.9,950.8,1136,1550.5,1886.6,2557.1,1154.1,1192.8,,17834.6,3015.1,1353.3,1137.4,1468.4,1668,2261.5,3035.2,2212.2,1683.6,,11027.9,2045.3,698.6,562.4,992.2,1324,1385.2,1883.5,1178.7,958,,3603.1,628.4,299.9,151.4,323.8,350.5,468.1,607.3,427.6,346.1,,1165.8,205.2,111.3,47.1,91.8,120.5,156.4,144.7,152.5,136.2,,572.5,90.4,38.4,16,44.1,39.5,68.3,94.9,109.2,71.8,,1016.5,178.3,47.9,44.5,91,92.2,151.1,151.3,139.3,120.9,,6076.8,1087.6,379.8,311.5,480.8,759.2,899.4,930.2,656.7,571.6
2022-02-01 00:00:00,15150.4,2453.9,962.5,941,1178.1,1909.2,2420.7,2705.6,1233.4,1345.9,,19453.3,2989.6,1356.3,1159.2,1517.4,2037.5,2976.5,3203.2,2281.6,1932,,11919.7,2041.4,706.8,593.6,990.1,1517.1,1748.8,2001.2,1262.5,1058.2,,3991.9,639.9,310.4,160.5,329.4,445.4,591.6,645.1,482.5,387.2,,1298.7,210,112.6,50.4,95.8,147.5,197.7,157.5,166.3,160.9,,607.9,89.2,37.9,15.4,44.2,44.5,82.3,101.4,112.7,80.3,,1123.6,184.9,47.6,41.9,89.3,121.2,187.1,157.7,152.5,141.5,,6365,1080.5,379.8,292.6,470.7,879.2,1079.6,939.2,629.6,613.8
2022-03-01 00:00:00,15662.3,2476.9,954,992.6,1171.2,2001,2602.3,2709.8,1384.7,1369.7,,20220.9,3049.9,1371.8,1243,1529.6,2122.8,3306.5,3219.8,2418.1,1959.4,,12493.7,2081.6,726,646.2,1047.5,1590.5,1891.7,2020.1,1388.8,1101.2,,4081.8,648.1,315.4,165.3,321.8,467,616.1,633.8,526,388.2,,1318.2,210.2,111.7,51.7,95.7,148.4,206.1,155.2,171,168.2,,635,90.8,39.5,16.3,43.8,43.8,92.6,97,124.4,86.7,,1146.1,185.8,47.7,44.3,87.8,119.2,197.9,154.9,168.7,139.7,,6424.2,1072.3,368.9,303.3,481.8,802.9,1200.5,924.6,653.7,616.3
2022-04-01 00:00:00,15490.5,2534.1,961.4,1093.9,1153.5,1849.8,2458.2,2693.3,1397.7,1348.5,,19878.5,3137.5,1415.2,1329.7,1502.5,1859.9,2940.6,3202.9,2591.9,1898.3,,12428.3,2131.6,744.5,700.5,1022.6,1397.9,1830.2,2024.4,1499,1077.6,,4065.6,663.5,318.9,185.1,322.4,425.7,588.8,628.1,539.5,393.5,,1309.2,210.9,114.1,57.6,97.5,129.2,203.1,158.1,184.5,154.2,,661.1,94.8,41.2,18.3,44.5,43.2,93.5,101.9,136.4,87.3,,1144.2,191.1,49.5,50.7,87.4,102.6,190,157.6,180.7,134.6,,6397.5,1096.4,369.6,343.4,478.6,676.9,1191.3,939.2,700.7,601.4
2022-05-01 00:00:00,15764.3,2468.7,913.1,1105.6,1176.2,2056.9,2663,2716.9,1303.6,1360.5,,20669.9,3039.9,1349.7,1392.6,1557.7,2177.8,3405.8,3269.3,2475.9,2001.2,,12587.6,2061.6,709.4,718.9,1032.5,1546,1936.8,2033.4,1419.1,1129.7,,4197.9,647.7,307.9,193.9,336,472.3,655.4,648.2,534.6,401.8,,1336.3,208.9,107.8,57.5,98.4,152.9,216.8,159.8,180.5,153.6,,651.5,94.6,38.6,18.7,44.3,41.2,94.5,102,131.2,86.6,,1154.4,183.7,47.5,49.1,85.8,117.9,205.1,154.2,173.1,137.9,,6571.2,1063.2,360.1,362.2,480.3,779.7,1268.3,943.5,694.1,619.8
2022-06-01 00:00:00,16146.5,2441.2,912.5,1118.3,1248.2,1972.2,2819.8,2847.1,1347.1,1440.1,,21359.4,3026.4,1346.6,1379.3,1667.4,2137.1,3777.4,3306.1,2615.1,2103.9,,13141.3,2068.1,711.3,762.9,1138,1561.4,2093.6,2109.5,1494.2,1202.2,,4250.8,642.9,302.1,198.2,355.2,452,679,662.9,540.4,418.2,,1358.7,208.6,108.2,56.7,104.6,145.3,223.5,165.7,185.7,160.4,,685.8,96.7,37.8,19.9,49.4,42.7,99.3,105.2,130.5,104.3,,1188.3,181,46.6,49.6,93,122.8,214.9,161.1,175.5,143.9,,6746.3,1052.3,355.2,369.6,512.8,786.8,1312,986.8,732.7,638
2022-07-01 00:00:00,16054.1,2560.2,917.9,1046.8,1152.9,2018.5,2755.7,2746.1,1442.3,1413.7,,20903.6,3170.6,1366.4,1313.3,1544.6,2045,3505.4,3305.8,2678.7,1973.8,,13202.3,2176.5,764.9,745.2,1074.6,1582.4,2035.8,2133.2,1500,1189.7,,4337.9,667.4,315.8,194.5,339.9,459.7,681.7,673,586.3,419.6,,1391,218.4,111.3,58.3,100.1,141.8,230.5,168.6,203.7,158.2,,693.5,101.1,41.5,21.2,46.9,44.1,102,110.7,135.9,90.1,,1187.1,189.5,47.8,47.1,85.5,119.2,216,158.4,189.3,134.1,,6883.8,1094.9,362.5,373.4,490.4,781.6,1345.2,1003,777.1,655.8
2022-08-01 00:00:00,16178.3,2592.5,925,991.7,1167.8,2076.6,2824.5,2764.2,1390.4,1445.6,,21161.8,3237.8,1377.1,1235.2,1586.2,2204.2,3656.7,3250.3,2586.5,2028,,13363.3,2190.6,786.4,716.2,1093,1631.1,2138.6,2103.1,1504.8,1199.6,,4323.8,681,316,179.3,336.4,487.6,666.7,663.7,562.2,430.9,,1397.8,220.6,110.4,55,103,156.6,228.2,165.7,197.7,160.7,,702.4,101.2,41,19.8,49,46.5,103.9,112.6,132.4,96.1,,1196.3,192.2,47.6,44.2,88.4,127.4,221.2,156.4,180.9,138,,6886.6,1108.7,363.9,354.8,493.4,841.9,1328.8,978.7,744.9,671.5
2022-09-01 00:00:00,16370.8,2615.4,972.7,1056.6,1226.2,1963.8,2777.7,2888.6,1444.3,1425.5,,21820,3269.5,1439.1,1344.2,1632.9,2172.3,3752,3382,2734.3,2093.7,,13725.5,2224.5,820.8,783.7,1134.6,1582.5,2181.3,2181.2,1597.4,1219.5,,4436.1,696.6,333.1,189.3,352.1,480.6,681.5,684.2,581.1,437.6,,1407.1,225.6,112.4,55.2,104.6,149.5,240.8,166.2,197,155.9,,729.3,100.7,43.1,20.5,50.1,50.2,110,110.9,138.1,105.7,,1240.7,194.5,50.5,47.8,93.8,125.8,220.8,165.3,191.6,150.6,,7122.1,1136.4,380.9,381.2,527,805,1361.1,1038.7,804.6,687.2
2022-10-01 00:00:00,16877.5,2649.6,955,1095.7,1283.1,2084,2844.8,3046.6,1433.5,1485.2,,22201,3266.5,1429.6,1326.3,1661.9,2183.1,3790.3,3606.8,2822.1,2114.5,,13812.7,2243.8,796.6,749.7,1141.4,1643.4,2142.3,2308.7,1558.1,1228.7,,4507.4,690.1,330.3,195.8,363.4,467.6,696,736.5,591.2,436.5,,1438.1,227.2,112.2,56.3,106.8,150.1,242.3,176.7,205.2,161.2,,715.4,98.2,42.7,20,49.6,44.9,99.7,120.3,137.1,102.9,,1250.8,195,50.4,48.6,94.3,130.1,222.9,167.8,191.8,149.9,,7254.5,1148.9,370.3,384.2,544.6,848.7,1389.6,1079.6,781.2,707.4
2022-11-01 00:00:00,17961.4,2727.8,958.2,1323.8,1436.3,2250.3,2880.6,3391.2,1418.9,1574.2,,23321.5,3355.1,1448.7,1676.4,1900.4,2379,3856.3,3790.8,2691.1,2223.8,,14489.2,2253.9,805.3,926.8,1294.3,1737.8,2169.9,2449.3,1545.8,1306.1,,4721.4,709.9,339.4,241.2,413.9,508.4,688.5,788.3,580.4,451.4,,1491.4,232.8,115.2,71,120.9,161,243.5,188,196.4,162.6,,723.5,97.1,41.8,22.6,52.2,49,102.8,124.1,135.8,98,,1310.8,199.2,50.6,60.4,106.3,136.3,231.4,181.9,189.6,155,,7676.1,1163.7,381.2,480.7,613.4,900.9,1416.1,1204.9,777.1,738.2
2022-12-01 00:00:00,18122.9,2923,1089.2,1537,1460.7,2013.8,2672,3386,1461.8,1579.5,,23647,3601.4,1699.5,1870.6,1902.7,2082.8,3439.3,3855.2,2854.8,2340.6,,14640.7,2415.3,923.6,1105.4,1301.5,1492.1,1966,2494.8,1644.4,1297.6,,4826.1,778.8,375.6,271.3,415.5,462.5,651.5,800.7,600.3,469.9,,1488.2,251.1,130.6,79.9,118.6,139.9,215.4,192.2,202.8,157.7,,724.3,108.5,41.3,27.7,52.7,40.5,91.6,127.7,147.5,86.7,,1313.3,214.2,60.8,67.9,109.6,115.6,208.4,188.8,196.8,151.1,,7802.4,1257.1,426.8,571.3,624.7,779.3,1282.7,1282.7,819.3,758.6
2023-01-01 00:00:00,15632,2666.8,915.2,1007.6,1146.7,1829,2605.3,2763.2,1423.6,1274.5,,20540.9,3262.7,1350.1,1231.6,1492.7,1883.8,3493.4,3239.2,2711.3,1876.1,,12940.5,2227.4,732,699.9,1048.4,1511.6,2027.8,2088.8,1484.3,1120.4,,4259.8,691.2,311.7,182.8,338.4,446,664,661.1,573.8,390.7,,1362,226.1,114.3,54,98,136.3,231.3,161.3,192.2,148.4,,656.1,93.6,38.4,17.6,43.8,42.7,96.6,105.3,133.1,85,,1185.7,196.9,47.4,46.7,90.3,111.1,220,159.6,183.3,130.4,,6924.6,1138.4,361,354.4,491.7,791.8,1347.3,1017.8,790.1,632
2023-02-01 00:00:00,16301.7,2703.7,923.1,925.5,1139.9,2165.4,2929.3,2727.3,1352.3,1435,,21458.6,3329.8,1361.9,1125.1,1497.8,2337.9,3915.6,3208.3,2592,2090.2,,13421.2,2253.7,745.8,639.4,1030.6,1770.8,2195.8,2089.7,1480.8,1214.7,,4442.6,707.6,320.7,169.1,333.8,513.4,718.9,680.6,563.8,434.7,,1424.3,231.8,113.4,51.4,96.3,158.9,251.7,163.8,190,167.1,,665.9,98.8,38.2,15.6,43.4,47.8,99.3,103.9,123.8,95.1,,1232.5,200.8,47.2,40.5,84.9,141,236.7,157.2,176.6,147.6,,7276,1162.8,367.5,332.3,486.8,917.7,1551.2,1015.1,752.1,690.7
2023-03-01 00:00:00,16420,2769.2,928.6,971.3,1146.5,2154,2874.4,2731.2,1435.9,1408.9,,21695.9,3381,1373.3,1170,1492.3,2366.3,4047.4,3218.3,2602.1,2045.3,,13599.3,2288.9,749.2,666.9,1030.5,1785.1,2253.5,2075.2,1552,1198,,4531.7,723.4,323.9,180.1,340.7,512.2,724.4,675.7,624.1,427.1,,1450.1,235.3,112.2,53.5,99,145.9,255.8,165.9,215.1,167.6,,686.9,100.4,40.3,15.4,42.8,47.9,99,104.5,132.3,104.3,,1228.3,202.2,48,42.6,85.5,130.8,234.9,156.9,182.7,144.7,,7273.8,1187,369.8,348,492.4,920.6,1490.1,1006.7,781.4,677.7
2023-04-01 00:00:00,16604.5,2776.4,913.4,1102.8,1152.5,2022.1,2856,2785.4,1528.7,1467.3,,21696.6,3431.3,1372.1,1322.3,1495.6,2124.5,3704.4,3313.9,2888.4,2044,,13515.8,2351.8,770.8,697.4,1036.2,1612.7,2095.4,2132,1641.2,1178.2,,4449.7,732.6,321.4,191.4,337.4,468.8,666.7,682.9,622.2,426.4,,1414.6,232.8,111.6,55.5,97.2,137.6,232.7,163.3,224.8,159.2,,692.3,104.1,41,16.8,44.2,43.5,94.8,110.7,137.5,99.7,,1243.4,207.8,49,50,85.8,121.5,227.8,163.5,194.2,144,,7164.8,1190,362,380.1,490.4,836.1,1407.3,1020.4,812.8,665.8
2023-05-01 00:00:00,16612.3,2722.8,863.8,1045.3,1144.4,2245.1,3027.8,2745.2,1387.2,1430.6,,21551.5,3352.6,1299.8,1317.7,1523.5,2368.8,3772,3258,2581.2,2078,,13467.1,2269.3,721.3,727.2,1041,1739.8,2145.3,2071.4,1531.6,1220.2,,4482.3,712,307.8,190.4,341.6,524.1,712.6,666.6,587.4,439.9,,1430.8,227.5,104.6,54.8,98.2,145,245.8,162.2,228.3,164.6,,695.4,103.7,39.8,17.4,45.8,46.1,101.3,110.5,135.6,95.2,,1218,202.4,46.2,47.4,85.1,133.4,225.5,158.3,181,138.6,,7244,1166.4,351.3,366.3,494.3,946,1484.3,997,751.9,686.5
2023-06-01 00:00:00,16778,2688.1,851.4,1056.3,1233.1,2115.5,3082.9,2900.8,1411.5,1438.3,,22045.5,3325.2,1309.1,1305.4,1608,2304.8,4014.3,3361.9,2622.9,2193.9,,14152,2291.3,725.2,740.4,1153.7,1750.7,2366,2236.8,1591.9,1295.9,,4619.4,714.4,309.5,191.6,372.7,517.1,741.8,708,595.9,468.4,,1431.1,226,103.9,54.9,103.1,140.9,232.6,167.6,235,167.1,,744.5,105.3,39.9,17.8,49.7,48.9,102.9,111.5,141.2,127.1,,1261.2,200.2,45.5,47.2,91.8,133.8,242.8,168.1,180.8,150.9,,7442.8,1160.5,341.1,387.3,535.2,916.5,1533.7,1076.9,783.4,708.1
2023-07-01 00:00:00,16434.4,2701,836.3,995,1128.9,2117.5,3012,2754.8,1472,1417.1,,21882.6,3372,1298.3,1187.1,1494.7,2281.2,3977.3,3310.8,2880.8,2080.4,,13902.8,2348.3,727.9,710,1058.6,1734.8,2217.9,2205.2,1646.5,1253.6,,4589.4,715.5,308.9,188.1,340.5,503.4,739.8,700.1,641.5,451.6,,1426.7,227.9,105.1,53.4,94.9,144.8,235.8,166,238.8,160,,727,107.7,40.5,19.2,46.3,46.2,104,118.6,141.3,103.1,,1233.6,203.9,45.7,43.3,83.2,128,235.4,159.8,195,139.2,,7321.8,1174.4,344.6,367.8,487.4,892.3,1502.3,1034.7,822.4,696
2023-08-01 00:00:00,16770.3,2775,871.9,942.1,1141.5,2242.8,3041.2,2826.1,1456.2,1473.6,,22074.7,3426.8,1313.2,1192,1527.1,2438.4,3905.5,3365,2774.7,2132,,14248.8,2377.1,747.3,710.4,1084.8,1803.7,2376.6,2230.1,1634.3,1284.5,,4616.3,735,315.8,175.9,341.6,533.7,731.1,703,633.1,447.1,,1445.5,232.1,106.1,51.5,98,150.6,244.5,166,229.8,167,,742.1,107.2,41.8,18.2,47,48.5,109.6,118.1,141.9,109.7,,1240.8,206,45.8,42,85.8,132.7,239.7,160.2,187.7,141,,7564.6,1198.1,354.3,361.4,505.6,960.2,1576,1044.6,836.6,727.9
2023-09-01 00:00:00,17310.2,2814.8,946.5,1006.9,1207.7,2126.1,3257.1,2915.2,1548.6,1487.3,,22624.2,3485.8,1371.3,1269.5,1600.3,2349.1,4189.2,3422.2,2806.4,2130.4,,14599.9,2397,773.6,747.5,1135.2,1745.6,2547.3,2264.1,1706.7,1282.9,,4700.6,747.2,333.4,184.2,357.7,527.5,759.7,722.1,621.2,447.7,,1452.4,235.9,114.6,52.3,99.7,150.9,256.3,165.2,215.8,161.8,,751.3,106.3,42.4,18.4,47.8,49.8,111.3,113,145.8,116.6,,1313.8,209,49,45.8,93.3,126.2,271.1,168.3,196.1,155,,7679.3,1224.3,377.5,369.7,527.6,906.3,1621.3,1083.2,837.3,732.2
2023-10-01 00:00:00,17157.5,2863.3,888.8,1002.8,1234.2,2263.5,3048.3,2935.2,1451.6,1469.9,,22381.6,3563.1,1346.7,1293.3,1622.2,2348.3,3785.3,3490.8,2796,2135.9,,14423.3,2431.3,754.4,747.4,1144.5,1781.6,2339.8,2296.9,1632.2,1295.3,,4723,751.8,324.9,194.2,367.1,514.1,737.6,740.3,643.9,449.2,,1463.5,239.5,112.1,55,103.2,145.5,243.1,171.2,227.5,166.5,,746.6,105.7,40.9,18.8,47.9,50.4,103.5,115.4,145.4,118.7,,1279.1,212.8,48.2,45.8,94.4,126.9,247.3,164.5,191,148.2,,7779,1243.7,372.4,395.7,555.4,953.6,1567.4,1118.1,831.2,741.5
2023-11-01 00:00:00,18498.9,2930,948.6,1304.1,1471.3,2302.1,3023.8,3457.9,1452.2,1609,,24398.1,3600.7,1393.5,1633.3,1923.7,2578.7,4081.7,3913.3,2859.8,2413.4,,15288.3,2446,773,929.3,1311.5,1888.1,2397.8,2525.6,1651.7,1365.2,,5053.3,771,340.5,247.5,432.3,556.3,761.2,832,632.5,479.9,,1534.7,248.2,115.5,69.4,119.4,154.6,244.3,190.1,223.1,170.1,,769.8,104.4,40.3,21.7,53.3,52.6,109.6,125.6,143.1,119,,1365.8,215.7,49.3,58.4,108.5,139,254.5,187.5,192.7,160.4,,8237.1,1261.3,391.9,485,636.6,971.1,1597.6,1271.8,834.7,787.2
2023-12-01 00:00:00,18754,3082.2,1045.7,1480.5,1448.8,2216.1,2835.5,3379.6,1572.4,1693.2,,24125,3823.7,1615.1,1835.6,1873.7,2257.7,3478.2,3851.4,2934.2,2455.4,,15431.9,2589.2,884.1,1092.3,1309.5,1675.6,2172.4,2570.8,1707.4,1430.7,,5047.4,818.4,368.8,274,423.4,491.3,702.4,829.3,635.7,504.1,,1546.6,264.4,129.6,80,117.5,139,225,196.6,222,172.6,,785.3,108.8,43.7,25.5,54.9,45.6,100.6,130.6,155,120.6,,1354.5,224.2,57.6,67.5,104.2,114.2,223.2,191.8,204.8,167.2,,8267.8,1346.9,435.9,564.9,628.7,862,1429.1,1321.1,873.6,805.6
2024-01-01 00:00:00,16035.4,2818.1,853.8,924.3,1126.4,1969.4,2727.6,2826,1434,1355.7,,21134.1,3461.6,1250.2,1189.6,1489.7,2063.8,3531,3414.5,2701.1,2032.5,,13651.1,2395,685.8,687.3,1074.4,1664.1,2165.5,2232.6,1524.7,1221.8,,4454.3,737.5,303.5,179,342.7,470.6,683.4,707.4,602.8,427.5,,1392.9,239.8,111,51.7,95.9,132.2,223.6,167,215.8,155.8,,688.9,99.8,36.9,16.3,43.1,42.8,95.5,110.5,136.4,107.5,,1206.9,209.2,44.4,44.1,88.7,109.1,223,163.5,184.2,140.5,,7377.6,1218.3,362.9,353.6,504.5,866.7,1493.5,1079.6,813.7,684.7
2024-02-01 00:00:00,16829.1,2912.7,865,884.9,1146.1,2255.3,3157.3,2777.3,1361.6,1468.9,,22385.2,3556.1,1259.8,1130,1515.8,2566.3,3997.2,3354.4,2736.4,2269.3,,14308.2,2436.9,701.1,653.5,1070,1944.7,2423.7,2185.1,1607.7,1285.7,,4680.6,761,308.1,173.1,339.9,543.8,768.1,708.7,608.9,469.1,,1465.4,244.3,111.2,51.4,96.4,147.8,252.1,169,220.8,172.2,,700.7,103.3,37,15.3,42.9,51.4,101.7,107.7,131.3,110.2,,1274.6,213.1,44.9,40.2,87.2,131.8,259.5,162,181.8,154.2,,7789.5,1249,365.4,344.8,500,1009.4,1683,1070.3,820,747.6
2024-03-01 00:00:00,17301.2,3001.1,872.9,945.9,1143.3,2258.6,3199.7,2801.6,1587.2,1491,,22337.3,3619,1282.5,1155.7,1494.2,2468.6,4010.5,3331.1,2796.4,2179.3,,14392.2,2487.5,709.4,681.7,1065.1,1892.4,2446.2,2192.1,1637,1280.7,,4690.2,788.2,311.7,176.8,337.6,525.4,778.9,702,620.8,448.6,,1475.5,252,109.7,52.4,97.5,151,243,170.7,221.9,177.4,,711,104,37,15.7,45.7,46.4,109.6,110.1,135.4,107.1,,1291.2,216.8,47.4,43.5,83.7,132.6,255.5,159,196.9,155.7,,7773.2,1299.2,368.9,355.7,515.7,974.4,1632.5,1065.6,835.5,725.7
2024-04-01 00:00:00,16653.4,2867.3,802.2,1013.9,1166.5,2172.7,2856.5,2841.2,1462.7,1470.3,,21911.1,3552,1243,1260.7,1540.8,2390.3,3497.6,3429.3,2756.3,2241.1,,14115.7,2411.6,701.1,697.3,1082.4,1801.5,2240.9,2234.8,1631.9,1314.3,,4676.9,750.4,294.3,197.3,355,518.6,730.7,732.2,632,466.4,,1437.3,235.9,102.4,54.3,99.3,146.5,235,172,216.6,175.3,,730.9,104.5,37.8,17,47.3,47.9,101.6,114.7,139.9,120.3,,1263.1,212.7,46.2,47.4,87.2,124.1,233.8,163.3,192,156.5,,7691.5,1254.4,357.9,364.6,520.4,965.6,1565.2,1077.9,839.5,746
2024-05-01 00:00:00,17024.6,2891.6,783.6,986,1182.9,2363.6,3049.3,2852.1,1420.1,1495.5,,22262.3,3499.6,1196,1287,1563.7,2566,3783.7,3430.6,2660.8,2274.8,,14376.6,2416.7,684.5,730.7,1104.9,1900.7,2328.3,2270,1605.9,1334.8,,4741.3,763.8,292.5,196.5,360.7,563.8,750.3,737.8,608.9,467,,1463.7,240.8,100.4,55,100.2,158,249.4,172.7,210.4,176.9,,711.7,105.4,36.9,16.8,47.5,49.6,102.9,112.2,137.1,103.3,,1257.6,210.4,45.1,45.5,85.1,131.3,240.5,160.6,187.8,151.3,,7811,1260.4,351.4,377.5,536.9,1027.5,1607,1084.4,808.8,757
2024-06-01 00:00:00,17632.6,2818.9,784.8,1084,1294.7,2294.3,3212.3,3021,1501.9,1620.7,,23147.5,3480.1,1199.9,1342.9,1708.5,2522.2,4040.2,3559.6,2862.1,2432,,14942.8,2409.7,690.4,767.2,1248,1875.7,2491.5,2362.6,1674.2,1423.6,,4826.4,748.3,290.1,204.3,394.1,548.4,763,770.7,607.3,500.3,,1480.5,237,100.4,56.9,109.7,153.7,247.2,178.2,213.9,183.5,,771.8,107.1,37.2,18.4,54.1,46.9,107.4,115.8,144.9,140.1,,1331.7,211.4,46.1,49.4,94.3,137,260.7,171.5,191.4,170,,7946.4,1227.4,345.2,397.3,585.6,968.4,1637.9,1159,836.9,788.7
